img-url,info-url,code-name,is-sen,wait-time,date-create
https://res.cloudinary.com/info-vibes/image/upload/v1714976557/samples/shoe.jpg,url-1,si01,0,1,01/04/2024
https://res.cloudinary.com/info-vibes/image/upload/v1714976557/samples/shoe.jpg,url-2,si02,0,5,02/04/2024
https://res.cloudinary.com/info-vibes/image/upload/v1714976557/samples/shoe.jpg,url-3,si03,0,3,03/04/2024
https://res.cloudinary.com/info-vibes/image/upload/v1714976557/samples/shoe.jpg,url-4,si04,0,2,04/04/2024
https://res.cloudinary.com/info-vibes/image/upload/v1714976557/samples/shoe.jpg,url-5,si05,0,4,05/04/2024
https://res.cloudinary.com/info-vibes/image/upload/v1714976557/samples/shoe.jpg,url-1,si10,0,1,06/04/2024
https://res.cloudinary.com/info-vibes/image/upload/v1714976557/samples/shoe.jpg,url-2,si06,0,5,07/04/2024
https://res.cloudinary.com/info-vibes/image/upload/v1714976557/samples/shoe.jpg,url-3,si07,0,3,08/04/2024
https://res.cloudinary.com/info-vibes/image/upload/v1714976557/samples/shoe.jpg,url-4,si08,0,2,09/04/2024
https://res.cloudinary.com/info-vibes/image/upload/v1714976557/samples/shoe.jpg,url-5,si09,0,4,10/04/2024
https://res.cloudinary.com/info-vibes/image/upload/v1714976557/samples/shoe.jpg,url-1,si11,0,1,11/04/2024
https://res.cloudinary.com/info-vibes/image/upload/v1714976557/samples/shoe.jpg,url-2,si12,0,5,12/04/2024
https://res.cloudinary.com/info-vibes/image/upload/v1714976557/samples/shoe.jpg,url-3,si13,0,3,13/04/2024
https://res.cloudinary.com/info-vibes/image/upload/v1714976557/samples/shoe.jpg,url-4,si14,0,2,14/04/2024
https://res.cloudinary.com/info-vibes/image/upload/v1714976557/samples/shoe.jpg,url-5,si15,0,4,15/04/2024
https://res.cloudinary.com/info-vibes/image/upload/v1714976557/samples/shoe.jpg,url-1,si16,0,1,16/04/2024
https://res.cloudinary.com/info-vibes/image/upload/v1714976557/samples/shoe.jpg,url-2,si17,0,5,17/04/2024
https://res.cloudinary.com/info-vibes/image/upload/v1714976557/samples/shoe.jpg,url-3,si18,0,3,18/04/2024
https://res.cloudinary.com/info-vibes/image/upload/v1714976557/samples/shoe.jpg,url-4,si19,0,2,19/04/2024
https://res.cloudinary.com/info-vibes/image/upload/v1714976557/samples/shoe.jpg,url-5,si20,0,4,20/04/2024
https://res.cloudinary.com/info-vibes/image/upload/v1714976557/samples/shoe.jpg,url-1,si21,0,1,21/04/2024
https://res.cloudinary.com/info-vibes/image/upload/v1714976557/samples/shoe.jpg,url-2,si22,0,5,22/04/2024
https://res.cloudinary.com/info-vibes/image/upload/v1714976557/samples/shoe.jpg,url-3,si23,0,3,23/04/2024
https://res.cloudinary.com/info-vibes/image/upload/v1714976557/samples/shoe.jpg,url-4,si24,0,2,24/04/2024
https://res.cloudinary.com/info-vibes/image/upload/v1714976557/samples/shoe.jpg,url-5,si25,0,4,25/04/2024
https://res.cloudinary.com/info-vibes/image/upload/v1714976557/samples/shoe.jpg,url-1,si01,0,1,26/04/2024
https://res.cloudinary.com/info-vibes/image/upload/v1714976557/samples/shoe.jpg,url-2,si02,0,5,27/04/2024
https://res.cloudinary.com/info-vibes/image/upload/v1714976557/samples/shoe.jpg,url-3,si03,0,3,28/04/2024
https://res.cloudinary.com/info-vibes/image/upload/v1714976557/samples/shoe.jpg,url-4,si04,0,2,29/04/2024
https://res.cloudinary.com/info-vibes/image/upload/v1714976557/samples/shoe.jpg,url-5,si05,0,4,30/04/2024
https://res.cloudinary.com/info-vibes/image/upload/v1714976557/samples/shoe.jpg,url-1,si01,0,1,01/05/2024
https://res.cloudinary.com/info-vibes/image/upload/v1714976557/samples/shoe.jpg,url-2,si02,0,5,02/05/2024
https://res.cloudinary.com/info-vibes/image/upload/v1714976557/samples/shoe.jpg,url-3,si03,0,3,03/05/2024
https://res.cloudinary.com/info-vibes/image/upload/v1714976557/samples/shoe.jpg,url-4,si05,0,2,04/05/2024
https://res.cloudinary.com/info-vibes/image/upload/v1714976557/samples/shoe.jpg,url-5,si05,0,4,05/05/2024
https://res.cloudinary.com/info-vibes/image/upload/v1714976557/samples/shoe.jpg,url-1,si26,0,1,06/05/2024
https://res.cloudinary.com/info-vibes/image/upload/v1714976557/samples/shoe.jpg,url-2,si27,0,5,07/05/2024
https://res.cloudinary.com/info-vibes/image/upload/v1714976557/samples/shoe.jpg,url-3,si28,0,3,08/05/2024
https://res.cloudinary.com/info-vibes/image/upload/v1714976557/samples/shoe.jpg,url-4,si29,0,2,09/05/2024
https://res.cloudinary.com/info-vibes/image/upload/v1714976557/samples/shoe.jpg,url-5,si30,0,4,10/05/2024
https://res.cloudinary.com/info-vibes/image/upload/v1714976557/samples/shoe.jpg,url-1,si01,0,1,01/05/2024
https://res.cloudinary.com/info-vibes/image/upload/v1714976557/samples/shoe.jpg,url-2,si02,0,5,02/05/2024
https://res.cloudinary.com/info-vibes/image/upload/v1714976557/samples/shoe.jpg,url-3,si03,0,3,03/05/2024
https://res.cloudinary.com/info-vibes/image/upload/v1714976557/samples/shoe.jpg,url-4,si05,0,2,04/05/2024
https://res.cloudinary.com/info-vibes/image/upload/v1714976557/samples/shoe.jpg,url-5,si05,0,4,05/05/2024
https://res.cloudinary.com/info-vibes/image/upload/v1714976557/samples/shoe.jpg,url-1,si31,0,1,06/05/2024
https://res.cloudinary.com/info-vibes/image/upload/v1714976557/samples/shoe.jpg,url-2,si32,0,5,07/05/2024
https://res.cloudinary.com/info-vibes/image/upload/v1714976557/samples/shoe.jpg,url-3,si33,0,3,08/05/2024
https://res.cloudinary.com/info-vibes/image/upload/v1714976557/samples/shoe.jpg,url-4,si34,0,2,09/05/2024
https://res.cloudinary.com/info-vibes/image/upload/v1714976557/samples/shoe.jpg,url-5,si35,0,4,10/05/2024
https://res.cloudinary.com/info-vibes/image/upload/v1714976557/samples/shoe.jpg,url-1,si36,0,1,01/04/2024
https://res.cloudinary.com/info-vibes/image/upload/v1714976557/samples/shoe.jpg,url-2,si37,0,5,02/04/2024
https://res.cloudinary.com/info-vibes/image/upload/v1714976557/samples/shoe.jpg,url-3,si38,0,3,03/04/2024
https://res.cloudinary.com/info-vibes/image/upload/v1714976557/samples/shoe.jpg,url-4,si39,0,2,04/04/2024
https://res.cloudinary.com/info-vibes/image/upload/v1714976557/samples/shoe.jpg,url-5,si40,0,4,05/04/2024